{
  "type": "FeatureCollection",
  "features": [
    {
      "type": "Feature",
      "geometry": {
        "type": "Polygon",
        "coordinates": [
          [
            [
              126.61321,
              37.43458
            ],
            [
              126.61087,
              37.42992
            ],
            [
              126.63497,
              37.43003
            ],
            [
              126.63468,
              37.431
            ],
            [
              126.63262,
              37.44153
            ],
            [
              126.63152,
              37.44227
            ],
            [
              126.62918,
              37.45203
            ],
            [
              126.63552,
              37.45727
            ],
            [
              126.63758,
              37.45993
            ],
            [
              126.64027,
              37.4641
            ],
            [
              126.64215,
              37.46504
            ],
            [
              126.64279,
              37.46849
            ],
            [
              126.64555,
              37.46995
            ],
            [
              126.65029,
              37.46951
            ],
            [
              126.65242,
              37.47051
            ],
            [
              126.65223,
              37.47582
            ],
            [
              126.65434,
              37.47847
            ],
            [
              126.65295,
              37.48169
            ],
            [
              126.65496,
              37.48406
            ],
            [
              126.65891,
              37.48268
            ],
            [
              126.67048,
              37.47685
            ],
            [
              126.671,
              37.47778
            ],
            [
              126.66476,
              37.48246
            ],
            [
              126.65536,
              37.48816
            ],
            [
              126.64076,
              37.49587
            ],
            [
              126.63207,
              37.49355
            ],
            [
              126.62745,
              37.49325
            ],
            [
              126.63205,
              37.4877
            ],
            [
              126.62689,
              37.49061
            ],
            [
              126.62628,
              37.49254
            ],
            [
              126.61617,
              37.48979
            ],
            [
              126.60982,
              37.4874
            ],
            [
              126.61162,
              37.48349
            ],
            [
              126.61677,
              37.48359
            ],
            [
              126.6051,
              37.48017
            ],
            [
              126.60457,
              37.4813
            ],
            [
              126.60985,
              37.48294
            ],
            [
              126.60808,
              37.48682
            ],
            [
              126.60624,
              37.4863
            ],
            [
              126.60054,
              37.48153
            ],
            [
              126.59767,
              37.47734
            ],
            [
              126.59558,
              37.47185
            ],
            [
              126.6,
              37.4661
            ],
            [
              126.60327,
              37.46552
            ],
            [
              126.608,
              37.46719
            ],
            [
              126.60993,
              37.46916
            ],
            [
              126.60998,
              37.47636
            ],
            [
              126.61234,
              37.47701
            ],
            [
              126.61625,
              37.46992
            ],
            [
              126.61419,
              37.46778
            ],
            [
              126.61441,
              37.46399
            ],
            [
              126.61984,
              37.46191
            ],
            [
              126.625,
              37.45907
            ],
            [
              126.62394,
              37.45786
            ],
            [
              126.61219,
              37.46243
            ],
            [
              126.60336,
              37.46016
            ],
            [
              126.60483,
              37.46455
            ],
            [
              126.59967,
              37.4655
            ],
            [
              126.59317,
              37.46372
            ],
            [
              126.59359,
              37.45875
            ],
            [
              126.59471,
              37.45649
            ],
            [
              126.59997,
              37.45916
            ],
            [
              126.6018,
              37.45726
            ],
            [
              126.59685,
              37.45491
            ],
            [
              126.5933,
              37.45493
            ],
            [
              126.59634,
              37.45118
            ],
            [
              126.59288,
              37.4506
            ],
            [
              126.59294,
              37.44132
            ],
            [
              126.59642,
              37.44134
            ],
            [
              126.59712,
              37.43839
            ],
            [
              126.60099,
              37.43837
            ],
            [
              126.61064,
              37.45349
            ],
            [
              126.61291,
              37.45268
            ],
            [
              126.60983,
              37.44766
            ],
            [
              126.61818,
              37.44437
            ],
            [
              126.6166,
              37.44179
            ],
            [
              126.6106,
              37.44431
            ],
            [
              126.60814,
              37.44063
            ],
            [
              126.61419,
              37.43773
            ],
            [
              126.61321,
              37.43458
            ]
          ]
        ]
      },
      "properties": {
        "code": "28125",
        "name": "제물포구",
        "bbox": [
          126.59258,
          37.42992,
          126.671,
          37.49587
        ],
        "labelPoint": [
          126.62892,
          37.47136
        ]
      }
    },
    {
      "type": "Feature",
      "geometry": {
        "type": "MultiPolygon",
        "coordinates": [
          [
            [
              [
                126.59131,
                37.49588
              ],
              [
                126.58927,
                37.49888
              ],
              [
                126.58531,
                37.49809
              ],
              [
                126.58645,
                37.49622
              ],
              [
                126.59131,
                37.49588
              ]
            ]
          ],
          [
            [
              [
                126.49046,
                37.5099
              ],
              [
                126.48299,
                37.5042
              ],
              [
                126.4701,
                37.50287
              ],
              [
                126.46454,
                37.49947
              ],
              [
                126.45761,
                37.49975
              ],
              [
                126.43217,
                37.50392
              ],
              [
                126.42747,
                37.50185
              ],
              [
                126.37342,
                37.47213
              ],
              [
                126.36472,
                37.47469
              ],
              [
                126.35913,
                37.47293
              ],
              [
                126.35857,
                37.47042
              ],
              [
                126.35625,
                37.46957
              ],
              [
                126.35628,
                37.46305
              ],
              [
                126.36106,
                37.45726
              ],
              [
                126.3648,
                37.45596
              ],
              [
                126.36772,
                37.45694
              ],
              [
                126.36975,
                37.45396
              ],
              [
                126.3705,
                37.44856
              ],
              [
                126.37228,
                37.44515
              ],
              [
                126.36777,
                37.44434
              ],
              [
                126.36397,
                37.44221
              ],
              [
                126.36753,
                37.44075
              ],
              [
                126.373,
                37.44036
              ],
              [
                126.37588,
                37.44131
              ],
              [
                126.38049,
                37.43902
              ],
              [
                126.38324,
                37.44006
              ],
              [
                126.38969,
                37.44076
              ],
              [
                126.3906,
                37.44353
              ],
              [
                126.39529,
                37.44609
              ],
              [
                126.4,
                37.44371
              ],
              [
                126.40374,
                37.44018
              ],
              [
                126.40396,
                37.4388
              ],
              [
                126.39982,
                37.43531
              ],
              [
                126.40193,
                37.43323
              ],
              [
                126.4071,
                37.43832
              ],
              [
                126.40988,
                37.43761
              ],
              [
                126.41558,
                37.43247
              ],
              [
                126.41867,
                37.42684
              ],
              [
                126.41944,
                37.42197
              ],
              [
                126.42305,
                37.4213
              ],
              [
                126.4277,
                37.42295
              ],
              [
                126.44181,
                37.42089
              ],
              [
                126.44374,
                37.42164
              ],
              [
                126.47791,
                37.44084
              ],
              [
                126.49616,
                37.44821
              ],
              [
                126.50028,
                37.45469
              ],
              [
                126.50616,
                37.46394
              ],
              [
                126.50735,
                37.46581
              ],
              [
                126.52115,
                37.46914
              ],
              [
                126.53731,
                37.47583
              ],
              [
                126.55037,
                37.47639
              ],
              [
                126.55895,
                37.4783
              ],
              [
                126.56484,
                37.47962
              ],
              [
                126.5708,
                37.48492
              ],
              [
                126.57648,
                37.48835
              ],
              [
                126.58132,
                37.48971
              ],
              [
                126.57884,
                37.49794
              ],
              [
                126.57453,
                37.50504
              ],
              [
                126.56911,
                37.5078
              ],
              [
                126.56433,
                37.51446
              ],
              [
                126.55528,
                37.51798
              ],
              [
                126.54389,
                37.52361
              ],
              [
                126.52634,
                37.52737
              ],
              [
                126.52091,
                37.53393
              ],
              [
                126.51378,
                37.53498
              ],
              [
                126.49839,
                37.53185
              ],
              [
                126.49535,
                37.52647
              ],
              [
                126.49407,
                37.5162
              ],
              [
                126.49046,
                37.5099
              ]
            ]
          ],
          [
            [
              [
                126.57571,
                37.53719
              ],
              [
                126.57761,
                37.53795
              ],
              [
                126.57807,
                37.54087
              ],
              [
                126.5757,
                37.54271
              ],
              [
                126.57182,
                37.53992
              ],
              [
                126.57571,
                37.53719
              ]
            ]
          ],
          [
            [
              [
                126.58843,
                37.5454
              ],
              [
                126.59035,
                37.54773
              ],
              [
                126.58659,
                37.5498
              ],
              [
                126.58403,
                37.54856
              ],
              [
                126.58843,
                37.5454
              ]
            ]
          ],
          [
            [
              [
                126.44414,
                37.37012
              ],
              [
                126.44662,
                37.37184
              ],
              [
                126.44634,
                37.37502
              ],
              [
                126.44109,
                37.37404
              ],
              [
                126.44013,
                37.37103
              ],
              [
                126.44414,
                37.37012
              ]
            ]
          ],
          [
            [
              [
                126.39066,
                37.39581
              ],
              [
                126.39456,
                37.40075
              ],
              [
                126.39725,
                37.40241
              ],
              [
                126.39676,
                37.40495
              ],
              [
                126.39329,
                37.40499
              ],
              [
                126.38918,
                37.40216
              ],
              [
                126.38883,
                37.39715
              ],
              [
                126.39066,
                37.39581
              ]
            ]
          ],
          [
            [
              [
                126.41412,
                37.40909
              ],
              [
                126.41124,
                37.4119
              ],
              [
                126.40725,
                37.41321
              ],
              [
                126.40238,
                37.40969
              ],
              [
                126.40446,
                37.40672
              ],
              [
                126.40111,
                37.4026
              ],
              [
                126.40163,
                37.39862
              ],
              [
                126.40059,
                37.39657
              ],
              [
                126.3967,
                37.39405
              ],
              [
                126.39644,
                37.39122
              ],
              [
                126.40296,
                37.39176
              ],
              [
                126.40487,
                37.39116
              ],
              [
                126.40735,
                37.38812
              ],
              [
                126.40823,
                37.38501
              ],
              [
                126.40808,
                37.37994
              ],
              [
                126.40912,
                37.37651
              ],
              [
                126.40714,
                37.3726
              ],
              [
                126.41322,
                37.36625
              ],
              [
                126.41794,
                37.36531
              ],
              [
                126.42799,
                37.3683
              ],
              [
                126.43368,
                37.36859
              ],
              [
                126.43352,
                37.37419
              ],
              [
                126.43947,
                37.37574
              ],
              [
                126.44123,
                37.38127
              ],
              [
                126.44104,
                37.38564
              ],
              [
                126.43466,
                37.38971
              ],
              [
                126.43166,
                37.3899
              ],
              [
                126.42771,
                37.39429
              ],
              [
                126.42314,
                37.39808
              ],
              [
                126.42217,
                37.40165
              ],
              [
                126.41461,
                37.40349
              ],
              [
                126.41362,
                37.40513
              ],
              [
                126.41412,
                37.40909
              ]
            ]
          ],
          [
            [
              [
                126.41324,
                37.42024
              ],
              [
                126.41202,
                37.41701
              ],
              [
                126.41626,
                37.41654
              ],
              [
                126.41643,
                37.41959
              ],
              [
                126.41324,
                37.42024
              ]
            ]
          ]
        ]
      },
      "properties": {
        "code": "28155",
        "name": "영종구",
        "bbox": [
          126.35566,
          37.35691,
          126.59201,
          37.54986
        ],
        "labelPoint": [
          126.45073,
          37.46561
        ]
      }
    },
    {
      "type": "Feature",
      "geometry": {
        "type": "Polygon",
        "coordinates": [
          [
            [
              126.63552,
              37.45727
            ],
            [
              126.62918,
              37.45203
            ],
            [
              126.63152,
              37.44227
            ],
            [
              126.63262,
              37.44153
            ],
            [
              126.63468,
              37.431
            ],
            [
              126.64059,
              37.43046
            ],
            [
              126.64441,
              37.43168
            ],
            [
              126.64813,
              37.43512
            ],
            [
              126.65637,
              37.43528
            ],
            [
              126.66054,
              37.43549
            ],
            [
              126.66497,
              37.43335
            ],
            [
              126.67512,
              37.43028
            ],
            [
              126.67707,
              37.4315
            ],
            [
              126.68559,
              37.43019
            ],
            [
              126.68717,
              37.43318
            ],
            [
              126.69669,
              37.4334
            ],
            [
              126.69493,
              37.43877
            ],
            [
              126.70236,
              37.43887
            ],
            [
              126.70288,
              37.44277
            ],
            [
              126.70018,
              37.44362
            ],
            [
              126.69581,
              37.44487
            ],
            [
              126.69288,
              37.44823
            ],
            [
              126.69261,
              37.45054
            ],
            [
              126.69429,
              37.4515
            ],
            [
              126.69504,
              37.45566
            ],
            [
              126.69453,
              37.45598
            ],
            [
              126.69524,
              37.46033
            ],
            [
              126.69724,
              37.46129
            ],
            [
              126.69294,
              37.46472
            ],
            [
              126.6868,
              37.46621
            ],
            [
              126.68724,
              37.46897
            ],
            [
              126.68605,
              37.47202
            ],
            [
              126.68404,
              37.47335
            ],
            [
              126.67438,
              37.47551
            ],
            [
              126.67048,
              37.47685
            ],
            [
              126.65891,
              37.48268
            ],
            [
              126.65496,
              37.48406
            ],
            [
              126.65295,
              37.48169
            ],
            [
              126.65434,
              37.47847
            ],
            [
              126.65223,
              37.47582
            ],
            [
              126.65242,
              37.47051
            ],
            [
              126.65029,
              37.46951
            ],
            [
              126.64555,
              37.46995
            ],
            [
              126.64279,
              37.46849
            ],
            [
              126.64215,
              37.46504
            ],
            [
              126.64027,
              37.4641
            ],
            [
              126.63758,
              37.45993
            ],
            [
              126.63552,
              37.45727
            ]
          ]
        ]
      },
      "properties": {
        "code": "28177",
        "name": "미추홀구",
        "bbox": [
          126.62917,
          37.43019,
          126.70288,
          37.48408
        ],
        "labelPoint": [
          126.66509,
          37.45404
        ]
      }
    },
    {
      "type": "Feature",
      "geometry": {
        "type": "Polygon",
        "coordinates": [
          [
            [
              126.69493,
              37.43877
            ],
            [
              126.69669,
              37.4334
            ],
            [
              126.68717,
              37.43318
            ],
            [
              126.68559,
              37.43019
            ],
            [
              126.67707,
              37.4315
            ],
            [
              126.67512,
              37.43028
            ],
            [
              126.66497,
              37.43335
            ],
            [
              126.66054,
              37.43549
            ],
            [
              126.65637,
              37.43528
            ],
            [
              126.64813,
              37.43512
            ],
            [
              126.64441,
              37.43168
            ],
            [
              126.64059,
              37.43046
            ],
            [
              126.63468,
              37.431
            ],
            [
              126.63497,
              37.43003
            ],
            [
              126.61087,
              37.42992
            ],
            [
              126.6109,
              37.42705
            ],
            [
              126.60791,
              37.42708
            ],
            [
              126.58981,
              37.43305
            ],
            [
              126.59029,
              37.41914
            ],
            [
              126.59682,
              37.41595
            ],
            [
              126.60972,
              37.41605
            ],
            [
              126.60977,
              37.40657
            ],
            [
              126.60987,
              37.38716
            ],
            [
              126.61607,
              37.37925
            ],
            [
              126.62473,
              37.37415
            ],
            [
              126.61191,
              37.35531
            ],
            [
              126.60735,
              37.35482
            ],
            [
              126.58453,
              37.35466
            ],
            [
              126.58461,
              37.34738
            ],
            [
              126.61727,
              37.34732
            ],
            [
              126.61731,
              37.34285
            ],
            [
              126.66107,
              37.34325
            ],
            [
              126.71593,
              37.37907
            ],
            [
              126.71771,
              37.38111
            ],
            [
              126.7114,
              37.38105
            ],
            [
              126.71026,
              37.38316
            ],
            [
              126.6745,
              37.38911
            ],
            [
              126.66778,
              37.3923
            ],
            [
              126.67693,
              37.40048
            ],
            [
              126.68027,
              37.40278
            ],
            [
              126.68434,
              37.40453
            ],
            [
              126.68552,
              37.40657
            ],
            [
              126.6871,
              37.41063
            ],
            [
              126.69534,
              37.4171
            ],
            [
              126.69866,
              37.41949
            ],
            [
              126.70412,
              37.42492
            ],
            [
              126.70535,
              37.42733
            ],
            [
              126.7062,
              37.43415
            ],
            [
              126.70463,
              37.43884
            ],
            [
              126.70236,
              37.43887
            ],
            [
              126.69493,
              37.43877
            ]
          ]
        ]
      },
      "properties": {
        "code": "28185",
        "name": "연수구",
        "bbox": [
          126.58453,
          37.34285,
          126.71771,
          37.4389
        ],
        "labelPoint": [
          126.64136,
          37.39543
        ]
      }
    },
    {
      "type": "Feature",
      "geometry": {
        "type": "Polygon",
        "coordinates": [
          [
            [
              126.70236,
              37.43887
            ],
            [
              126.70463,
              37.43884
            ],
            [
              126.7062,
              37.43415
            ],
            [
              126.70535,
              37.42733
            ],
            [
              126.70412,
              37.42492
            ],
            [
              126.69866,
              37.41949
            ],
            [
              126.69534,
              37.4171
            ],
            [
              126.6871,
              37.41063
            ],
            [
              126.68552,
              37.40657
            ],
            [
              126.68434,
              37.40453
            ],
            [
              126.68027,
              37.40278
            ],
            [
              126.67693,
              37.40048
            ],
            [
              126.66778,
              37.3923
            ],
            [
              126.6745,
              37.38911
            ],
            [
              126.71026,
              37.38316
            ],
            [
              126.7114,
              37.38105
            ],
            [
              126.71771,
              37.38111
            ],
            [
              126.72091,
              37.38114
            ],
            [
              126.72686,
              37.3859
            ],
            [
              126.73654,
              37.39543
            ],
            [
              126.73836,
              37.39652
            ],
            [
              126.74384,
              37.40037
            ],
            [
              126.74585,
              37.40159
            ],
            [
              126.75058,
              37.40761
            ],
            [
              126.75059,
              37.40981
            ],
            [
              126.75329,
              37.41692
            ],
            [
              126.75504,
              37.41816
            ],
            [
              126.75369,
              37.42254
            ],
            [
              126.75968,
              37.42653
            ],
            [
              126.76098,
              37.42629
            ],
            [
              126.76381,
              37.42576
            ],
            [
              126.76737,
              37.42659
            ],
            [
              126.77035,
              37.42905
            ],
            [
              126.77127,
              37.43138
            ],
            [
              126.77105,
              37.43682
            ],
            [
              126.76884,
              37.44293
            ],
            [
              126.77174,
              37.45027
            ],
            [
              126.77832,
              37.45079
            ],
            [
              126.77977,
              37.45433
            ],
            [
              126.77745,
              37.45752
            ],
            [
              126.77984,
              37.46579
            ],
            [
              126.77823,
              37.47179
            ],
            [
              126.77808,
              37.47181
            ],
            [
              126.77456,
              37.47142
            ],
            [
              126.77188,
              37.47236
            ],
            [
              126.76774,
              37.47176
            ],
            [
              126.76644,
              37.4699
            ],
            [
              126.76263,
              37.47024
            ],
            [
              126.75694,
              37.46917
            ],
            [
              126.75452,
              37.46573
            ],
            [
              126.74514,
              37.46537
            ],
            [
              126.74195,
              37.46915
            ],
            [
              126.73847,
              37.4709
            ],
            [
              126.73229,
              37.47159
            ],
            [
              126.73118,
              37.47244
            ],
            [
              126.727,
              37.47031
            ],
            [
              126.72285,
              37.47027
            ],
            [
              126.71587,
              37.47641
            ],
            [
              126.71265,
              37.4764
            ],
            [
              126.71094,
              37.47962
            ],
            [
              126.70961,
              37.47589
            ],
            [
              126.70798,
              37.46933
            ],
            [
              126.70329,
              37.46792
            ],
            [
              126.69761,
              37.46809
            ],
            [
              126.69339,
              37.46994
            ],
            [
              126.6883,
              37.47077
            ],
            [
              126.68605,
              37.47202
            ],
            [
              126.68724,
              37.46897
            ],
            [
              126.6868,
              37.46621
            ],
            [
              126.69294,
              37.46472
            ],
            [
              126.69724,
              37.46129
            ],
            [
              126.69524,
              37.46033
            ],
            [
              126.69453,
              37.45598
            ],
            [
              126.69504,
              37.45566
            ],
            [
              126.69429,
              37.4515
            ],
            [
              126.69261,
              37.45054
            ],
            [
              126.69288,
              37.44823
            ],
            [
              126.69581,
              37.44487
            ],
            [
              126.70018,
              37.44362
            ],
            [
              126.70288,
              37.44277
            ],
            [
              126.70236,
              37.43887
            ]
          ]
        ]
      },
      "properties": {
        "code": "28200",
        "name": "남동구",
        "bbox": [
          126.66778,
          37.38105,
          126.77984,
          37.47962
        ],
        "labelPoint": [
          126.73092,
          37.43242
        ]
      }
    },
    {
      "type": "Feature",
      "geometry": {
        "type": "Polygon",
        "coordinates": [
          [
            [
              126.72285,
              37.47027
            ],
            [
              126.727,
              37.47031
            ],
            [
              126.73118,
              37.47244
            ],
            [
              126.73229,
              37.47159
            ],
            [
              126.73847,
              37.4709
            ],
            [
              126.74195,
              37.46915
            ],
            [
              126.74514,
              37.46537
            ],
            [
              126.75452,
              37.46573
            ],
            [
              126.75694,
              37.46917
            ],
            [
              126.76263,
              37.47024
            ],
            [
              126.76644,
              37.4699
            ],
            [
              126.76774,
              37.47176
            ],
            [
              126.76519,
              37.47523
            ],
            [
              126.76179,
              37.47633
            ],
            [
              126.75906,
              37.47682
            ],
            [
              126.75827,
              37.47882
            ],
            [
              126.75525,
              37.48082
            ],
            [
              126.75452,
              37.4837
            ],
            [
              126.7498,
              37.48535
            ],
            [
              126.7426,
              37.48665
            ],
            [
              126.74242,
              37.48843
            ],
            [
              126.74242,
              37.48849
            ],
            [
              126.74163,
              37.4951
            ],
            [
              126.74256,
              37.49722
            ],
            [
              126.74362,
              37.50148
            ],
            [
              126.74216,
              37.50645
            ],
            [
              126.74158,
              37.50893
            ],
            [
              126.74375,
              37.51037
            ],
            [
              126.7451,
              37.51408
            ],
            [
              126.75195,
              37.51539
            ],
            [
              126.752,
              37.51641
            ],
            [
              126.75957,
              37.51556
            ],
            [
              126.761,
              37.51798
            ],
            [
              126.76034,
              37.5241
            ],
            [
              126.73299,
              37.52386
            ],
            [
              126.72589,
              37.5238
            ],
            [
              126.72213,
              37.52381
            ],
            [
              126.71916,
              37.52377
            ],
            [
              126.70497,
              37.52363
            ],
            [
              126.68916,
              37.52356
            ],
            [
              126.68913,
              37.52347
            ],
            [
              126.68322,
              37.517
            ],
            [
              126.68328,
              37.51466
            ],
            [
              126.68696,
              37.51225
            ],
            [
              126.6883,
              37.50844
            ],
            [
              126.68845,
              37.50521
            ],
            [
              126.691,
              37.50379
            ],
            [
              126.69223,
              37.5016
            ],
            [
              126.68997,
              37.49944
            ],
            [
              126.69284,
              37.49536
            ],
            [
              126.69223,
              37.4924
            ],
            [
              126.69483,
              37.4917
            ],
            [
              126.69793,
              37.48985
            ],
            [
              126.69963,
              37.48697
            ],
            [
              126.70154,
              37.48661
            ],
            [
              126.70135,
              37.4851
            ],
            [
              126.69263,
              37.48535
            ],
            [
              126.68982,
              37.48298
            ],
            [
              126.69065,
              37.47908
            ],
            [
              126.68742,
              37.47631
            ],
            [
              126.68404,
              37.47335
            ],
            [
              126.68605,
              37.47202
            ],
            [
              126.6883,
              37.47077
            ],
            [
              126.69339,
              37.46994
            ],
            [
              126.69761,
              37.46809
            ],
            [
              126.70329,
              37.46792
            ],
            [
              126.70798,
              37.46933
            ],
            [
              126.70961,
              37.47589
            ],
            [
              126.71094,
              37.47962
            ],
            [
              126.71265,
              37.4764
            ],
            [
              126.71587,
              37.47641
            ],
            [
              126.72285,
              37.47027
            ]
          ]
        ]
      },
      "properties": {
        "code": "28237",
        "name": "부평구",
        "bbox": [
          126.68322,
          37.46482,
          126.76774,
          37.5241
        ],
        "labelPoint": [
          126.7211,
          37.49751
        ]
      }
    },
    {
      "type": "Feature",
      "geometry": {
        "type": "Polygon",
        "coordinates": [
          [
            [
              126.69928,
              37.54043
            ],
            [
              126.69778,
              37.54211
            ],
            [
              126.69267,
              37.54115
            ],
            [
              126.69142,
              37.53598
            ],
            [
              126.68361,
              37.5352
            ],
            [
              126.6829,
              37.53112
            ],
            [
              126.68692,
              37.53074
            ],
            [
              126.68747,
              37.52616
            ],
            [
              126.68916,
              37.52356
            ],
            [
              126.70497,
              37.52363
            ],
            [
              126.71916,
              37.52377
            ],
            [
              126.72213,
              37.52381
            ],
            [
              126.72589,
              37.5238
            ],
            [
              126.73299,
              37.52386
            ],
            [
              126.76034,
              37.5241
            ],
            [
              126.76068,
              37.53556
            ],
            [
              126.76095,
              37.53786
            ],
            [
              126.7616,
              37.54023
            ],
            [
              126.76351,
              37.54675
            ],
            [
              126.7662,
              37.55413
            ],
            [
              126.7666,
              37.55667
            ],
            [
              126.77201,
              37.5588
            ],
            [
              126.77563,
              37.5618
            ],
            [
              126.77696,
              37.56634
            ],
            [
              126.7825,
              37.57023
            ],
            [
              126.78289,
              37.5737
            ],
            [
              126.78757,
              37.5756
            ],
            [
              126.79006,
              37.57757
            ],
            [
              126.79052,
              37.58031
            ],
            [
              126.79367,
              37.5816
            ],
            [
              126.78705,
              37.58555
            ],
            [
              126.78411,
              37.58259
            ],
            [
              126.7801,
              37.58436
            ],
            [
              126.77336,
              37.58512
            ],
            [
              126.76731,
              37.58803
            ],
            [
              126.76308,
              37.58489
            ],
            [
              126.7577,
              37.58479
            ],
            [
              126.75474,
              37.58043
            ],
            [
              126.75182,
              37.57957
            ],
            [
              126.74993,
              37.58095
            ],
            [
              126.75003,
              37.58368
            ],
            [
              126.74646,
              37.58686
            ],
            [
              126.74362,
              37.59335
            ],
            [
              126.73705,
              37.59318
            ],
            [
              126.73502,
              37.59047
            ],
            [
              126.72901,
              37.59294
            ],
            [
              126.72513,
              37.592
            ],
            [
              126.72092,
              37.58887
            ],
            [
              126.71777,
              37.58533
            ],
            [
              126.71774,
              37.5815
            ],
            [
              126.7133,
              37.57769
            ],
            [
              126.70367,
              37.58032
            ],
            [
              126.6933,
              37.58225
            ],
            [
              126.69206,
              37.58243
            ],
            [
              126.69079,
              37.58269
            ],
            [
              126.68711,
              37.58371
            ],
            [
              126.68681,
              37.58382
            ],
            [
              126.68179,
              37.58338
            ],
            [
              126.68309,
              37.58146
            ],
            [
              126.68245,
              37.57722
            ],
            [
              126.68792,
              37.57658
            ],
            [
              126.69906,
              37.57338
            ],
            [
              126.70029,
              37.57204
            ],
            [
              126.69913,
              37.56927
            ],
            [
              126.70014,
              37.56559
            ],
            [
              126.70338,
              37.56387
            ],
            [
              126.70235,
              37.56075
            ],
            [
              126.69951,
              37.55889
            ],
            [
              126.7021,
              37.55603
            ],
            [
              126.70657,
              37.55706
            ],
            [
              126.71213,
              37.55256
            ],
            [
              126.7085,
              37.54651
            ],
            [
              126.70599,
              37.54495
            ],
            [
              126.70734,
              37.54288
            ],
            [
              126.70366,
              37.54176
            ],
            [
              126.69928,
              37.54043
            ]
          ]
        ]
      },
      "properties": {
        "code": "28245",
        "name": "계양구",
        "bbox": [
          126.68179,
          37.52356,
          126.7937,
          37.59369
        ],
        "labelPoint": [
          126.73567,
          37.5572
        ]
      }
    },
    {
      "type": "Feature",
      "geometry": {
        "type": "Polygon",
        "coordinates": [
          [
            [
              126.70366,
              37.54176
            ],
            [
              126.70734,
              37.54288
            ],
            [
              126.70599,
              37.54495
            ],
            [
              126.7085,
              37.54651
            ],
            [
              126.71213,
              37.55256
            ],
            [
              126.70657,
              37.55706
            ],
            [
              126.7021,
              37.55603
            ],
            [
              126.69951,
              37.55889
            ],
            [
              126.70235,
              37.56075
            ],
            [
              126.70338,
              37.56387
            ],
            [
              126.70014,
              37.56559
            ],
            [
              126.69913,
              37.56927
            ],
            [
              126.70029,
              37.57204
            ],
            [
              126.68776,
              37.5714
            ],
            [
              126.67431,
              37.57146
            ],
            [
              126.66065,
              37.57207
            ],
            [
              126.64602,
              37.57111
            ],
            [
              126.63275,
              37.56981
            ],
            [
              126.60695,
              37.56159
            ],
            [
              126.59598,
              37.55924
            ],
            [
              126.59334,
              37.55935
            ],
            [
              126.59372,
              37.55426
            ],
            [
              126.60451,
              37.5556
            ],
            [
              126.60658,
              37.55369
            ],
            [
              126.60481,
              37.55277
            ],
            [
              126.60541,
              37.54935
            ],
            [
              126.60509,
              37.53932
            ],
            [
              126.59915,
              37.53917
            ],
            [
              126.59939,
              37.53342
            ],
            [
              126.60247,
              37.53326
            ],
            [
              126.60261,
              37.51706
            ],
            [
              126.60413,
              37.51006
            ],
            [
              126.60439,
              37.49681
            ],
            [
              126.62679,
              37.49722
            ],
            [
              126.62969,
              37.49957
            ],
            [
              126.62971,
              37.50238
            ],
            [
              126.63483,
              37.50439
            ],
            [
              126.64111,
              37.50498
            ],
            [
              126.63991,
              37.50256
            ],
            [
              126.64101,
              37.49916
            ],
            [
              126.64076,
              37.49587
            ],
            [
              126.65536,
              37.48816
            ],
            [
              126.66476,
              37.48246
            ],
            [
              126.671,
              37.47778
            ],
            [
              126.67048,
              37.47685
            ],
            [
              126.67438,
              37.47551
            ],
            [
              126.68404,
              37.47335
            ],
            [
              126.68742,
              37.47631
            ],
            [
              126.69065,
              37.47908
            ],
            [
              126.68982,
              37.48298
            ],
            [
              126.69263,
              37.48535
            ],
            [
              126.70135,
              37.4851
            ],
            [
              126.70154,
              37.48661
            ],
            [
              126.69963,
              37.48697
            ],
            [
              126.69793,
              37.48985
            ],
            [
              126.69483,
              37.4917
            ],
            [
              126.69223,
              37.4924
            ],
            [
              126.69284,
              37.49536
            ],
            [
              126.68997,
              37.49944
            ],
            [
              126.69223,
              37.5016
            ],
            [
              126.691,
              37.50379
            ],
            [
              126.68845,
              37.50521
            ],
            [
              126.6883,
              37.50844
            ],
            [
              126.68696,
              37.51225
            ],
            [
              126.68328,
              37.51466
            ],
            [
              126.68322,
              37.517
            ],
            [
              126.68913,
              37.52347
            ],
            [
              126.68916,
              37.52356
            ],
            [
              126.68747,
              37.52616
            ],
            [
              126.68692,
              37.53074
            ],
            [
              126.6829,
              37.53112
            ],
            [
              126.68361,
              37.5352
            ],
            [
              126.69142,
              37.53598
            ],
            [
              126.69267,
              37.54115
            ],
            [
              126.69778,
              37.54211
            ],
            [
              126.69928,
              37.54043
            ],
            [
              126.70366,
              37.54176
            ]
          ]
        ]
      },
      "properties": {
        "code": "28275",
        "name": "서해구",
        "bbox": [
          126.59334,
          37.47335,
          126.71213,
          37.57207
        ],
        "labelPoint": [
          126.65262,
          37.53303
        ]
      }
    },
    {
      "type": "Feature",
      "geometry": {
        "type": "Polygon",
        "coordinates": [
          [
            [
              126.65944,
              37.63823
            ],
            [
              126.65601,
              37.63801
            ],
            [
              126.65131,
              37.6377
            ],
            [
              126.65169,
              37.63517
            ],
            [
              126.64758,
              37.62874
            ],
            [
              126.64492,
              37.6286
            ],
            [
              126.63948,
              37.62776
            ],
            [
              126.63695,
              37.62603
            ],
            [
              126.6365,
              37.62037
            ],
            [
              126.63434,
              37.61941
            ],
            [
              126.63142,
              37.61346
            ],
            [
              126.62929,
              37.61096
            ],
            [
              126.62769,
              37.60597
            ],
            [
              126.6234,
              37.6028
            ],
            [
              126.61575,
              37.60549
            ],
            [
              126.60906,
              37.60415
            ],
            [
              126.60552,
              37.59988
            ],
            [
              126.60495,
              37.59944
            ],
            [
              126.59272,
              37.59298
            ],
            [
              126.57258,
              37.58778
            ],
            [
              126.57553,
              37.58341
            ],
            [
              126.58149,
              37.57144
            ],
            [
              126.59334,
              37.55935
            ],
            [
              126.59598,
              37.55924
            ],
            [
              126.60695,
              37.56159
            ],
            [
              126.63275,
              37.56981
            ],
            [
              126.64602,
              37.57111
            ],
            [
              126.66065,
              37.57207
            ],
            [
              126.67431,
              37.57146
            ],
            [
              126.68776,
              37.5714
            ],
            [
              126.70029,
              37.57204
            ],
            [
              126.69906,
              37.57338
            ],
            [
              126.68792,
              37.57658
            ],
            [
              126.68245,
              37.57722
            ],
            [
              126.68309,
              37.58146
            ],
            [
              126.68179,
              37.58338
            ],
            [
              126.68681,
              37.58382
            ],
            [
              126.68711,
              37.58371
            ],
            [
              126.69079,
              37.58269
            ],
            [
              126.69206,
              37.58243
            ],
            [
              126.6933,
              37.58225
            ],
            [
              126.70367,
              37.58032
            ],
            [
              126.7133,
              37.57769
            ],
            [
              126.71774,
              37.5815
            ],
            [
              126.71777,
              37.58533
            ],
            [
              126.72092,
              37.58887
            ],
            [
              126.72513,
              37.592
            ],
            [
              126.72451,
              37.59294
            ],
            [
              126.72186,
              37.59593
            ],
            [
              126.71812,
              37.5978
            ],
            [
              126.71199,
              37.60479
            ],
            [
              126.70837,
              37.60493
            ],
            [
              126.70465,
              37.60262
            ],
            [
              126.70456,
              37.60264
            ],
            [
              126.70451,
              37.60265
            ],
            [
              126.70425,
              37.60555
            ],
            [
              126.70628,
              37.61015
            ],
            [
              126.70416,
              37.61255
            ],
            [
              126.69863,
              37.61746
            ],
            [
              126.68519,
              37.6242
            ],
            [
              126.68168,
              37.62653
            ],
            [
              126.67931,
              37.62989
            ],
            [
              126.67517,
              37.62995
            ],
            [
              126.67408,
              37.63223
            ],
            [
              126.67094,
              37.63436
            ],
            [
              126.66563,
              37.63624
            ],
            [
              126.66108,
              37.63672
            ],
            [
              126.65944,
              37.63823
            ]
          ]
        ]
      },
      "properties": {
        "code": "28290",
        "name": "검단구",
        "bbox": [
          126.57258,
          37.55924,
          126.72513,
          37.63958
        ],
        "labelPoint": [
          126.65273,
          37.59792
        ]
      }
    },
    {
      "type": "Feature",
      "geometry": {
        "type": "MultiPolygon",
        "coordinates": [
          [
            [
              [
                126.52602,
                37.73809
              ],
              [
                126.52545,
                37.74459
              ],
              [
                126.5269,
                37.74783
              ],
              [
                126.52245,
                37.75178
              ],
              [
                126.51409,
                37.76109
              ],
              [
                126.51239,
                37.76354
              ],
              [
                126.5125,
                37.76767
              ],
              [
                126.51424,
                37.7713
              ],
              [
                126.51076,
                37.77513
              ],
              [
                126.50982,
                37.78029
              ],
              [
                126.50804,
                37.7833
              ],
              [
                126.4983,
                37.788
              ],
              [
                126.49083,
                37.78953
              ],
              [
                126.48751,
                37.79151
              ],
              [
                126.47394,
                37.79888
              ],
              [
                126.4688,
                37.8031
              ],
              [
                126.46473,
                37.80496
              ],
              [
                126.45356,
                37.81382
              ],
              [
                126.44775,
                37.81933
              ],
              [
                126.44642,
                37.82344
              ],
              [
                126.4435,
                37.82355
              ],
              [
                126.44283,
                37.82625
              ],
              [
                126.43926,
                37.82713
              ],
              [
                126.43663,
                37.83123
              ],
              [
                126.42689,
                37.83337
              ],
              [
                126.419,
                37.82652
              ],
              [
                126.41366,
                37.82469
              ],
              [
                126.40928,
                37.82454
              ],
              [
                126.40084,
                37.82579
              ],
              [
                126.39387,
                37.82549
              ],
              [
                126.39016,
                37.82316
              ],
              [
                126.37196,
                37.80547
              ],
              [
                126.35749,
                37.79574
              ],
              [
                126.34893,
                37.79197
              ],
              [
                126.34702,
                37.7881
              ],
              [
                126.34946,
                37.7876
              ],
              [
                126.3506,
                37.77869
              ],
              [
                126.35396,
                37.77879
              ],
              [
                126.35333,
                37.77653
              ],
              [
                126.35392,
                37.77124
              ],
              [
                126.35481,
                37.7564
              ],
              [
                126.35313,
                37.7448
              ],
              [
                126.3535,
                37.74359
              ],
              [
                126.35205,
                37.74533
              ],
              [
                126.34148,
                37.74837
              ],
              [
                126.3414,
                37.73854
              ],
              [
                126.34318,
                37.7206
              ],
              [
                126.35237,
                37.70581
              ],
              [
                126.37749,
                37.69639
              ],
              [
                126.38587,
                37.69087
              ],
              [
                126.38677,
                37.69027
              ],
              [
                126.39328,
                37.67784
              ],
              [
                126.3957,
                37.66457
              ],
              [
                126.38851,
                37.65639
              ],
              [
                126.405,
                37.65078
              ],
              [
                126.40283,
                37.64728
              ],
              [
                126.39529,
                37.64187
              ],
              [
                126.3902,
                37.64152
              ],
              [
                126.38112,
                37.63906
              ],
              [
                126.37907,
                37.63774
              ],
              [
                126.37411,
                37.63727
              ],
              [
                126.36969,
                37.63813
              ],
              [
                126.36598,
                37.63745
              ],
              [
                126.36441,
                37.63411
              ],
              [
                126.36897,
                37.63406
              ],
              [
                126.372,
                37.63304
              ],
              [
                126.37432,
                37.6278
              ],
              [
                126.37534,
                37.62171
              ],
              [
                126.37718,
                37.61926
              ],
              [
                126.37721,
                37.61568
              ],
              [
                126.37243,
                37.61429
              ],
              [
                126.36843,
                37.61486
              ],
              [
                126.36999,
                37.6118
              ],
              [
                126.37492,
                37.61183
              ],
              [
                126.37772,
                37.60951
              ],
              [
                126.38552,
                37.60765
              ],
              [
                126.38611,
                37.60396
              ],
              [
                126.39385,
                37.60071
              ],
              [
                126.39549,
                37.59869
              ],
              [
                126.40372,
                37.5941
              ],
              [
                126.41367,
                37.59348
              ],
              [
                126.43571,
                37.59263
              ],
              [
                126.4379,
                37.59212
              ],
              [
                126.44664,
                37.59449
              ],
              [
                126.45163,
                37.59274
              ],
              [
                126.45529,
                37.59335
              ],
              [
                126.46266,
                37.5894
              ],
              [
                126.46398,
                37.59335
              ],
              [
                126.46592,
                37.59551
              ],
              [
                126.47334,
                37.59749
              ],
              [
                126.4803,
                37.58358
              ],
              [
                126.48399,
                37.58552
              ],
              [
                126.49264,
                37.58864
              ],
              [
                126.50047,
                37.59021
              ],
              [
                126.50324,
                37.58964
              ],
              [
                126.50658,
                37.58569
              ],
              [
                126.51196,
                37.58124
              ],
              [
                126.51631,
                37.5795
              ],
              [
                126.51861,
                37.57995
              ],
              [
                126.52651,
                37.58474
              ],
              [
                126.5277,
                37.58658
              ],
              [
                126.525,
                37.58987
              ],
              [
                126.52159,
                37.58993
              ],
              [
                126.51852,
                37.59344
              ],
              [
                126.52395,
                37.59647
              ],
              [
                126.54112,
                37.60168
              ],
              [
                126.54393,
                37.60193
              ],
              [
                126.54743,
                37.60482
              ],
              [
                126.54559,
                37.60964
              ],
              [
                126.54533,
                37.61523
              ],
              [
                126.54282,
                37.62258
              ],
              [
                126.53547,
                37.63024
              ],
              [
                126.53455,
                37.63307
              ],
              [
                126.53053,
                37.63855
              ],
              [
                126.52935,
                37.646
              ],
              [
                126.52896,
                37.65297
              ],
              [
                126.5297,
                37.65589
              ],
              [
                126.53446,
                37.65914
              ],
              [
                126.53552,
                37.66171
              ],
              [
                126.5353,
                37.66633
              ],
              [
                126.52411,
                37.67318
              ],
              [
                126.52298,
                37.67652
              ],
              [
                126.52545,
                37.68741
              ],
              [
                126.5255,
                37.69012
              ],
              [
                126.52728,
                37.70314
              ],
              [
                126.52214,
                37.70793
              ],
              [
                126.51851,
                37.71273
              ],
              [
                126.51846,
                37.7216
              ],
              [
                126.51966,
                37.72619
              ],
              [
                126.52237,
                37.73127
              ],
              [
                126.52602,
                37.73809
              ]
            ]
          ],
          [
            [
              [
                126.26807,
                37.81569
              ],
              [
                126.26592,
                37.81574
              ],
              [
                126.26326,
                37.81829
              ],
              [
                126.26097,
                37.8162
              ],
              [
                126.25681,
                37.81465
              ],
              [
                126.24604,
                37.81517
              ],
              [
                126.24061,
                37.81751
              ],
              [
                126.23698,
                37.81641
              ],
              [
                126.23292,
                37.81104
              ],
              [
                126.22318,
                37.80541
              ],
              [
                126.22349,
                37.8
              ],
              [
                126.21852,
                37.79608
              ],
              [
                126.21835,
                37.79362
              ],
              [
                126.22216,
                37.79092
              ],
              [
                126.22049,
                37.78562
              ],
              [
                126.21768,
                37.78349
              ],
              [
                126.21599,
                37.77838
              ],
              [
                126.20919,
                37.77411
              ],
              [
                126.20355,
                37.77295
              ],
              [
                126.20277,
                37.76927
              ],
              [
                126.20728,
                37.76833
              ],
              [
                126.21243,
                37.76474
              ],
              [
                126.22101,
                37.75789
              ],
              [
                126.22171,
                37.75627
              ],
              [
                126.2268,
                37.75298
              ],
              [
                126.23206,
                37.75114
              ],
              [
                126.23964,
                37.75708
              ],
              [
                126.24181,
                37.76043
              ],
              [
                126.24148,
                37.76226
              ],
              [
                126.24444,
                37.76458
              ],
              [
                126.24785,
                37.76545
              ],
              [
                126.25899,
                37.76456
              ],
              [
                126.2705,
                37.76748
              ],
              [
                126.2728,
                37.76975
              ],
              [
                126.27984,
                37.76879
              ],
              [
                126.28687,
                37.76603
              ],
              [
                126.29014,
                37.76276
              ],
              [
                126.29241,
                37.76439
              ],
              [
                126.30521,
                37.77059
              ],
              [
                126.31496,
                37.77369
              ],
              [
                126.31795,
                37.7759
              ],
              [
                126.3224,
                37.78112
              ],
              [
                126.32135,
                37.78194
              ],
              [
                126.3256,
                37.78642
              ],
              [
                126.33032,
                37.7892
              ],
              [
                126.33023,
                37.79354
              ],
              [
                126.33392,
                37.79729
              ],
              [
                126.33461,
                37.79918
              ],
              [
                126.32846,
                37.80393
              ],
              [
                126.3284,
                37.80533
              ],
              [
                126.32475,
                37.80911
              ],
              [
                126.32151,
                37.805
              ],
              [
                126.31433,
                37.80279
              ],
              [
                126.30567,
                37.80262
              ],
              [
                126.30137,
                37.80447
              ],
              [
                126.29702,
                37.80253
              ],
              [
                126.28275,
                37.80821
              ],
              [
                126.27341,
                37.81404
              ],
              [
                126.26807,
                37.81569
              ]
            ]
          ],
          [
            [
              [
                126.2098,
                37.71798
              ],
              [
                126.21179,
                37.71921
              ],
              [
                126.2114,
                37.72237
              ],
              [
                126.20866,
                37.72323
              ],
              [
                126.20837,
                37.7183
              ],
              [
                126.2098,
                37.71798
              ]
            ]
          ],
          [
            [
              [
                126.23621,
                37.72903
              ],
              [
                126.23682,
                37.73109
              ],
              [
                126.23264,
                37.7339
              ],
              [
                126.23044,
                37.73275
              ],
              [
                126.22107,
                37.7228
              ],
              [
                126.21697,
                37.72117
              ],
              [
                126.21811,
                37.71908
              ],
              [
                126.22713,
                37.71775
              ],
              [
                126.23188,
                37.71593
              ],
              [
                126.24723,
                37.71726
              ],
              [
                126.24893,
                37.71902
              ],
              [
                126.2405,
                37.72214
              ],
              [
                126.23928,
                37.72587
              ],
              [
                126.23621,
                37.72903
              ]
            ]
          ],
          [
            [
              [
                126.2695,
                37.72536
              ],
              [
                126.26664,
                37.73352
              ],
              [
                126.26667,
                37.73617
              ],
              [
                126.2627,
                37.73624
              ],
              [
                126.25738,
                37.73344
              ],
              [
                126.25679,
                37.7255
              ],
              [
                126.26593,
                37.72394
              ],
              [
                126.2695,
                37.72536
              ]
            ]
          ],
          [
            [
              [
                126.28407,
                37.74936
              ],
              [
                126.28207,
                37.74964
              ],
              [
                126.27868,
                37.74577
              ],
              [
                126.28215,
                37.74442
              ],
              [
                126.28607,
                37.74801
              ],
              [
                126.28407,
                37.74936
              ]
            ]
          ],
          [
            [
              [
                126.33045,
                37.74681
              ],
              [
                126.33056,
                37.74901
              ],
              [
                126.32579,
                37.75153
              ],
              [
                126.32395,
                37.75428
              ],
              [
                126.31767,
                37.75292
              ],
              [
                126.30891,
                37.74854
              ],
              [
                126.30377,
                37.74652
              ],
              [
                126.29399,
                37.74622
              ],
              [
                126.28892,
                37.74403
              ],
              [
                126.28688,
                37.72781
              ],
              [
                126.28789,
                37.72552
              ],
              [
                126.28563,
                37.72405
              ],
              [
                126.28478,
                37.71766
              ],
              [
                126.28217,
                37.71319
              ],
              [
                126.27657,
                37.71226
              ],
              [
                126.27156,
                37.71271
              ],
              [
                126.26786,
                37.71118
              ],
              [
                126.26994,
                37.70829
              ],
              [
                126.27466,
                37.70573
              ],
              [
                126.27725,
                37.70304
              ],
              [
                126.28335,
                37.70008
              ],
              [
                126.28514,
                37.69623
              ],
              [
                126.29626,
                37.69041
              ],
              [
                126.31332,
                37.68461
              ],
              [
                126.3173,
                37.68174
              ],
              [
                126.32374,
                37.669
              ],
              [
                126.32695,
                37.66659
              ],
              [
                126.32682,
                37.66203
              ],
              [
                126.32444,
                37.66212
              ],
              [
                126.32339,
                37.65911
              ],
              [
                126.32371,
                37.65301
              ],
              [
                126.32258,
                37.64454
              ],
              [
                126.32503,
                37.64144
              ],
              [
                126.33069,
                37.64148
              ],
              [
                126.33756,
                37.64302
              ],
              [
                126.34281,
                37.64358
              ],
              [
                126.35193,
                37.64867
              ],
              [
                126.37661,
                37.66793
              ],
              [
                126.37696,
                37.67532
              ],
              [
                126.37959,
                37.6822
              ],
              [
                126.37577,
                37.68764
              ],
              [
                126.37533,
                37.69225
              ],
              [
                126.37193,
                37.69523
              ],
              [
                126.34639,
                37.69916
              ],
              [
                126.33948,
                37.70266
              ],
              [
                126.33822,
                37.70736
              ],
              [
                126.33404,
                37.7073
              ],
              [
                126.33173,
                37.709
              ],
              [
                126.33264,
                37.71265
              ],
              [
                126.32965,
                37.71541
              ],
              [
                126.32196,
                37.71505
              ],
              [
                126.3206,
                37.71611
              ],
              [
                126.32146,
                37.72522
              ],
              [
                126.32302,
                37.73187
              ],
              [
                126.32793,
                37.74112
              ],
              [
                126.33045,
                37.74681
              ]
            ]
          ],
          [
            [
              [
                126.21675,
                37.62854
              ],
              [
                126.21819,
                37.63095
              ],
              [
                126.21635,
                37.63229
              ],
              [
                126.21323,
                37.62973
              ],
              [
                126.21675,
                37.62854
              ]
            ]
          ],
          [
            [
              [
                126.27431,
                37.63199
              ],
              [
                126.27583,
                37.63456
              ],
              [
                126.27598,
                37.63822
              ],
              [
                126.27445,
                37.64417
              ],
              [
                126.27652,
                37.64795
              ],
              [
                126.27625,
                37.65072
              ],
              [
                126.26985,
                37.65648
              ],
              [
                126.268,
                37.65511
              ],
              [
                126.26586,
                37.64834
              ],
              [
                126.26601,
                37.64527
              ],
              [
                126.26879,
                37.63739
              ],
              [
                126.27327,
                37.63177
              ],
              [
                126.27431,
                37.63199
              ]
            ]
          ],
          [
            [
              [
                126.24399,
                37.65277
              ],
              [
                126.23668,
                37.65393
              ],
              [
                126.23294,
                37.65648
              ],
              [
                126.22765,
                37.6524
              ],
              [
                126.22387,
                37.65473
              ],
              [
                126.22173,
                37.65179
              ],
              [
                126.22541,
                37.64888
              ],
              [
                126.22896,
                37.64352
              ],
              [
                126.23381,
                37.63793
              ],
              [
                126.24588,
                37.63099
              ],
              [
                126.25937,
                37.62755
              ],
              [
                126.26103,
                37.62264
              ],
              [
                126.26391,
                37.62575
              ],
              [
                126.25954,
                37.63082
              ],
              [
                126.25427,
                37.63238
              ],
              [
                126.25141,
                37.63758
              ],
              [
                126.25145,
                37.6431
              ],
              [
                126.25431,
                37.64847
              ],
              [
                126.25746,
                37.65044
              ],
              [
                126.25719,
                37.65268
              ],
              [
                126.25314,
                37.65441
              ],
              [
                126.24853,
                37.6542
              ],
              [
                126.24399,
                37.65277
              ]
            ]
          ],
          [
            [
              [
                126.23504,
                37.66218
              ],
              [
                126.22946,
                37.66379
              ],
              [
                126.22384,
                37.6663
              ],
              [
                126.22196,
                37.66606
              ],
              [
                126.22139,
                37.66292
              ],
              [
                126.22237,
                37.65826
              ],
              [
                126.22438,
                37.65789
              ],
              [
                126.24148,
                37.66159
              ],
              [
                126.24133,
                37.66392
              ],
              [
                126.23504,
                37.66218
              ]
            ]
          ],
          [
            [
              [
                126.19631,
                37.68493
              ],
              [
                126.19599,
                37.68813
              ],
              [
                126.192,
                37.68881
              ],
              [
                126.18822,
                37.68488
              ],
              [
                126.18555,
                37.68493
              ],
              [
                126.18247,
                37.68188
              ],
              [
                126.1722,
                37.67668
              ],
              [
                126.16676,
                37.67991
              ],
              [
                126.16113,
                37.67889
              ],
              [
                126.15767,
                37.67632
              ],
              [
                126.15348,
                37.6774
              ],
              [
                126.15473,
                37.67267
              ],
              [
                126.159,
                37.67186
              ],
              [
                126.16731,
                37.66618
              ],
              [
                126.16856,
                37.66837
              ],
              [
                126.17769,
                37.66955
              ],
              [
                126.18381,
                37.66755
              ],
              [
                126.18911,
                37.66404
              ],
              [
                126.19141,
                37.66062
              ],
              [
                126.18839,
                37.65901
              ],
              [
                126.19096,
                37.65695
              ],
              [
                126.1941,
                37.65839
              ],
              [
                126.20477,
                37.65625
              ],
              [
                126.2061,
                37.66075
              ],
              [
                126.20994,
                37.66401
              ],
              [
                126.21124,
                37.66701
              ],
              [
                126.20531,
                37.66979
              ],
              [
                126.19615,
                37.68168
              ],
              [
                126.19631,
                37.68493
              ]
            ]
          ],
          [
            [
              [
                126.1286,
                37.69173
              ],
              [
                126.12596,
                37.69339
              ],
              [
                126.1219,
                37.69011
              ],
              [
                126.1214,
                37.68718
              ],
              [
                126.12436,
                37.68605
              ],
              [
                126.12657,
                37.68156
              ],
              [
                126.13171,
                37.68264
              ],
              [
                126.13802,
                37.68091
              ],
              [
                126.14424,
                37.68138
              ],
              [
                126.14388,
                37.68587
              ],
              [
                126.13855,
                37.68684
              ],
              [
                126.13366,
                37.68891
              ],
              [
                126.13484,
                37.69148
              ],
              [
                126.1328,
                37.69267
              ],
              [
                126.1286,
                37.69173
              ]
            ]
          ]
        ]
      },
      "properties": {
        "code": "28710",
        "name": "강화군",
        "bbox": [
          126.1214,
          37.5795,
          126.54743,
          37.83337
        ],
        "labelPoint": [
          126.45161,
          37.70668
        ]
      }
    },
    {
      "type": "Feature",
      "geometry": {
        "type": "MultiPolygon",
        "coordinates": [
          [
            [
              [
                126.33278,
                37.5033
              ],
              [
                126.32755,
                37.50266
              ],
              [
                126.32872,
                37.49971
              ],
              [
                126.33267,
                37.50188
              ],
              [
                126.33278,
                37.5033
              ]
            ]
          ],
          [
            [
              [
                126.32257,
                37.50931
              ],
              [
                126.32469,
                37.51158
              ],
              [
                126.32401,
                37.51361
              ],
              [
                126.32077,
                37.51283
              ],
              [
                126.32257,
                37.50931
              ]
            ]
          ],
          [
            [
              [
                126.41111,
                37.52609
              ],
              [
                126.41277,
                37.53365
              ],
              [
                126.41509,
                37.53592
              ],
              [
                126.414,
                37.54022
              ],
              [
                126.41249,
                37.54058
              ],
              [
                126.40864,
                37.53795
              ],
              [
                126.40372,
                37.53579
              ],
              [
                126.40113,
                37.53137
              ],
              [
                126.40471,
                37.52743
              ],
              [
                126.40807,
                37.52594
              ],
              [
                126.41111,
                37.52609
              ]
            ]
          ],
          [
            [
              [
                126.47251,
                37.53755
              ],
              [
                126.46623,
                37.53907
              ],
              [
                126.46552,
                37.54149
              ],
              [
                126.4614,
                37.54446
              ],
              [
                126.45698,
                37.54453
              ],
              [
                126.45487,
                37.5381
              ],
              [
                126.45143,
                37.53627
              ],
              [
                126.44904,
                37.53352
              ],
              [
                126.44364,
                37.53406
              ],
              [
                126.43845,
                37.53071
              ],
              [
                126.43246,
                37.52451
              ],
              [
                126.42927,
                37.51837
              ],
              [
                126.43334,
                37.51779
              ],
              [
                126.43678,
                37.5147
              ],
              [
                126.44431,
                37.51731
              ],
              [
                126.44993,
                37.51648
              ],
              [
                126.45091,
                37.51891
              ],
              [
                126.45419,
                37.51874
              ],
              [
                126.45838,
                37.51725
              ],
              [
                126.46307,
                37.51355
              ],
              [
                126.46383,
                37.51101
              ],
              [
                126.47064,
                37.51178
              ],
              [
                126.4686,
                37.51373
              ],
              [
                126.46855,
                37.51633
              ],
              [
                126.47077,
                37.52229
              ],
              [
                126.46855,
                37.52241
              ],
              [
                126.46689,
                37.52475
              ],
              [
                126.46721,
                37.52839
              ],
              [
                126.46959,
                37.52772
              ],
              [
                126.47389,
                37.5287
              ],
              [
                126.47378,
                37.53238
              ],
              [
                126.47251,
                37.53755
              ]
            ]
          ],
          [
            [
              [
                126.43202,
                37.54539
              ],
              [
                126.42792,
                37.54839
              ],
              [
                126.42398,
                37.54666
              ],
              [
                126.42018,
                37.5378
              ],
              [
                126.42194,
                37.53299
              ],
              [
                126.42042,
                37.53114
              ],
              [
                126.41616,
                37.522
              ],
              [
                126.42221,
                37.52276
              ],
              [
                126.42614,
                37.52153
              ],
              [
                126.42893,
                37.52375
              ],
              [
                126.42693,
                37.52623
              ],
              [
                126.43163,
                37.53101
              ],
              [
                126.43366,
                37.53741
              ],
              [
                126.4351,
                37.53983
              ],
              [
                126.43478,
                37.54254
              ],
              [
                126.44166,
                37.54524
              ],
              [
                126.43693,
                37.54593
              ],
              [
                126.43202,
                37.54539
              ]
            ]
          ],
          [
            [
              [
                126.27625,
                37.546
              ],
              [
                126.27384,
                37.54757
              ],
              [
                126.26774,
                37.54884
              ],
              [
                126.26476,
                37.54665
              ],
              [
                126.27571,
                37.544
              ],
              [
                126.27625,
                37.546
              ]
            ]
          ],
          [
            [
              [
                126.2616,
                37.55069
              ],
              [
                126.26333,
                37.55357
              ],
              [
                126.25909,
                37.55753
              ],
              [
                126.25819,
                37.55593
              ],
              [
                126.2616,
                37.55069
              ]
            ]
          ],
          [
            [
              [
                126.32976,
                37.55067
              ],
              [
                126.32322,
                37.55375
              ],
              [
                126.31972,
                37.55615
              ],
              [
                126.30989,
                37.56022
              ],
              [
                126.30736,
                37.56025
              ],
              [
                126.30898,
                37.55609
              ],
              [
                126.31487,
                37.5509
              ],
              [
                126.32739,
                37.54262
              ],
              [
                126.32881,
                37.54107
              ],
              [
                126.32968,
                37.53555
              ],
              [
                126.32783,
                37.53096
              ],
              [
                126.32798,
                37.52729
              ],
              [
                126.32516,
                37.52545
              ],
              [
                126.32767,
                37.52369
              ],
              [
                126.3298,
                37.52551
              ],
              [
                126.33531,
                37.52675
              ],
              [
                126.33563,
                37.53026
              ],
              [
                126.33996,
                37.52946
              ],
              [
                126.33985,
                37.52677
              ],
              [
                126.34167,
                37.52558
              ],
              [
                126.34405,
                37.52803
              ],
              [
                126.35279,
                37.52972
              ],
              [
                126.36067,
                37.53067
              ],
              [
                126.36533,
                37.52942
              ],
              [
                126.36787,
                37.52969
              ],
              [
                126.37915,
                37.5286
              ],
              [
                126.38205,
                37.52736
              ],
              [
                126.384,
                37.53076
              ],
              [
                126.38446,
                37.53858
              ],
              [
                126.3784,
                37.53709
              ],
              [
                126.37348,
                37.53677
              ],
              [
                126.36485,
                37.53489
              ],
              [
                126.35799,
                37.53493
              ],
              [
                126.35303,
                37.53557
              ],
              [
                126.3499,
                37.53754
              ],
              [
                126.34353,
                37.53955
              ],
              [
                126.34037,
                37.54516
              ],
              [
                126.34054,
                37.54755
              ],
              [
                126.33746,
                37.55177
              ],
              [
                126.32976,
                37.55067
              ]
            ]
          ],
          [
            [
              [
                125.72004,
                37.60474
              ],
              [
                125.71957,
                37.60904
              ],
              [
                125.72099,
                37.61398
              ],
              [
                125.71338,
                37.61557
              ],
              [
                125.70578,
                37.61187
              ],
              [
                125.71117,
                37.60685
              ],
              [
                125.71732,
                37.60401
              ],
              [
                125.72004,
                37.60474
              ]
            ]
          ],
          [
            [
              [
                125.67982,
                37.63217
              ],
              [
                125.68014,
                37.63478
              ],
              [
                125.68316,
                37.63778
              ],
              [
                125.68035,
                37.63961
              ],
              [
                125.67884,
                37.63524
              ],
              [
                125.67982,
                37.63217
              ]
            ]
          ],
          [
            [
              [
                125.7158,
                37.68011
              ],
              [
                125.71464,
                37.68236
              ],
              [
                125.71068,
                37.68013
              ],
              [
                125.7074,
                37.68151
              ],
              [
                125.70412,
                37.68123
              ],
              [
                125.69861,
                37.67867
              ],
              [
                125.69207,
                37.67738
              ],
              [
                125.68704,
                37.67792
              ],
              [
                125.68386,
                37.67954
              ],
              [
                125.68349,
                37.68123
              ],
              [
                125.67917,
                37.68082
              ],
              [
                125.6768,
                37.67962
              ],
              [
                125.67611,
                37.67601
              ],
              [
                125.67764,
                37.67401
              ],
              [
                125.68382,
                37.67093
              ],
              [
                125.68493,
                37.66473
              ],
              [
                125.68118,
                37.66269
              ],
              [
                125.68343,
                37.65848
              ],
              [
                125.68292,
                37.65368
              ],
              [
                125.68624,
                37.65191
              ],
              [
                125.69267,
                37.6518
              ],
              [
                125.70038,
                37.65858
              ],
              [
                125.71015,
                37.65392
              ],
              [
                125.70989,
                37.65101
              ],
              [
                125.71414,
                37.6501
              ],
              [
                125.71282,
                37.65449
              ],
              [
                125.70832,
                37.65558
              ],
              [
                125.70186,
                37.65877
              ],
              [
                125.71042,
                37.66625
              ],
              [
                125.71196,
                37.67086
              ],
              [
                125.71562,
                37.67276
              ],
              [
                125.71723,
                37.67531
              ],
              [
                125.7158,
                37.68011
              ]
            ]
          ],
          [
            [
              [
                125.65121,
                37.73558
              ],
              [
                125.65213,
                37.73907
              ],
              [
                125.64739,
                37.73858
              ],
              [
                125.64689,
                37.73726
              ],
              [
                125.65121,
                37.73558
              ]
            ]
          ],
          [
            [
              [
                124.70666,
                37.9834
              ],
              [
                124.7053,
                37.98431
              ],
              [
                124.70047,
                37.98304
              ],
              [
                124.69582,
                37.98276
              ],
              [
                124.694,
                37.97976
              ],
              [
                124.69107,
                37.97964
              ],
              [
                124.68307,
                37.98205
              ],
              [
                124.67858,
                37.97948
              ],
              [
                124.67563,
                37.97979
              ],
              [
                124.67418,
                37.9819
              ],
              [
                124.67012,
                37.98105
              ],
              [
                124.66778,
                37.97741
              ],
              [
                124.65866,
                37.97389
              ],
              [
                124.65507,
                37.97304
              ],
              [
                124.64743,
                37.97341
              ],
              [
                124.64606,
                37.97078
              ],
              [
                124.64255,
                37.96909
              ],
              [
                124.63822,
                37.96913
              ],
              [
                124.63274,
                37.97165
              ],
              [
                124.63043,
                37.97379
              ],
              [
                124.62341,
                37.97672
              ],
              [
                124.6156,
                37.97809
              ],
              [
                124.61425,
                37.97432
              ],
              [
                124.60979,
                37.97006
              ],
              [
                124.61036,
                37.96333
              ],
              [
                124.61123,
                37.96094
              ],
              [
                124.61437,
                37.95853
              ],
              [
                124.61821,
                37.95848
              ],
              [
                124.62419,
                37.95428
              ],
              [
                124.62233,
                37.9517
              ],
              [
                124.62231,
                37.94709
              ],
              [
                124.63034,
                37.93741
              ],
              [
                124.63342,
                37.92954
              ],
              [
                124.63692,
                37.9235
              ],
              [
                124.63863,
                37.92252
              ],
              [
                124.64442,
                37.92294
              ],
              [
                124.6495,
                37.92234
              ],
              [
                124.6549,
                37.92319
              ],
              [
                124.65558,
                37.92067
              ],
              [
                124.66511,
                37.92248
              ],
              [
                124.66897,
                37.92122
              ],
              [
                124.67147,
                37.91927
              ],
              [
                124.67369,
                37.9211
              ],
              [
                124.67985,
                37.92196
              ],
              [
                124.68733,
                37.91736
              ],
              [
                124.68969,
                37.91449
              ],
              [
                124.69633,
                37.91702
              ],
              [
                124.69893,
                37.91883
              ],
              [
                124.69963,
                37.92099
              ],
              [
                124.69856,
                37.92515
              ],
              [
                124.70204,
                37.92939
              ],
              [
                124.70443,
                37.9307
              ],
              [
                124.70324,
                37.93438
              ],
              [
                124.70387,
                37.93817
              ],
              [
                124.708,
                37.9441
              ],
              [
                124.71282,
                37.94575
              ],
              [
                124.71708,
                37.94822
              ],
              [
                124.72364,
                37.95338
              ],
              [
                124.72779,
                37.95415
              ],
              [
                124.73135,
                37.95315
              ],
              [
                124.72967,
                37.95011
              ],
              [
                124.73491,
                37.95137
              ],
              [
                124.73752,
                37.95396
              ],
              [
                124.73553,
                37.95688
              ],
              [
                124.73039,
                37.95726
              ],
              [
                124.7301,
                37.96025
              ],
              [
                124.73463,
                37.96236
              ],
              [
                124.73749,
                37.9586
              ],
              [
                124.74106,
                37.95685
              ],
              [
                124.74424,
                37.95709
              ],
              [
                124.74626,
                37.95873
              ],
              [
                124.74554,
                37.96164
              ],
              [
                124.74227,
                37.96251
              ],
              [
                124.74024,
                37.9615
              ],
              [
                124.7354,
                37.96345
              ],
              [
                124.73291,
                37.96569
              ],
              [
                124.73052,
                37.97283
              ],
              [
                124.73076,
                37.9757
              ],
              [
                124.72952,
                37.97826
              ],
              [
                124.72449,
                37.97927
              ],
              [
                124.72158,
                37.98199
              ],
              [
                124.71649,
                37.98256
              ],
              [
                124.70955,
                37.98235
              ],
              [
                124.70666,
                37.9834
              ]
            ]
          ],
          [
            [
              [
                124.76943,
                37.77966
              ],
              [
                124.76154,
                37.77798
              ],
              [
                124.7511,
                37.7777
              ],
              [
                124.74757,
                37.77588
              ],
              [
                124.742,
                37.77572
              ],
              [
                124.74101,
                37.77251
              ],
              [
                124.73431,
                37.77089
              ],
              [
                124.73419,
                37.76725
              ],
              [
                124.732,
                37.76449
              ],
              [
                124.72721,
                37.76194
              ],
              [
                124.73019,
                37.75844
              ],
              [
                124.73282,
                37.76109
              ],
              [
                124.7383,
                37.76156
              ],
              [
                124.74069,
                37.76573
              ],
              [
                124.75071,
                37.76844
              ],
              [
                124.75273,
                37.76976
              ],
              [
                124.76447,
                37.76557
              ],
              [
                124.76914,
                37.7672
              ],
              [
                124.7675,
                37.76928
              ],
              [
                124.76872,
                37.77349
              ],
              [
                124.77206,
                37.77738
              ],
              [
                124.76943,
                37.77966
              ]
            ]
          ],
          [
            [
              [
                124.70687,
                37.84678
              ],
              [
                124.70466,
                37.84984
              ],
              [
                124.70131,
                37.84868
              ],
              [
                124.70297,
                37.84601
              ],
              [
                124.7026,
                37.84289
              ],
              [
                124.69998,
                37.84032
              ],
              [
                124.69167,
                37.83864
              ],
              [
                124.68729,
                37.83601
              ],
              [
                124.68632,
                37.83232
              ],
              [
                124.68071,
                37.82744
              ],
              [
                124.6818,
                37.82527
              ],
              [
                124.67932,
                37.82216
              ],
              [
                124.67463,
                37.81975
              ],
              [
                124.67112,
                37.82032
              ],
              [
                124.66887,
                37.82232
              ],
              [
                124.66218,
                37.82239
              ],
              [
                124.66283,
                37.82071
              ],
              [
                124.66781,
                37.81832
              ],
              [
                124.6718,
                37.81729
              ],
              [
                124.67677,
                37.81325
              ],
              [
                124.67992,
                37.81473
              ],
              [
                124.68375,
                37.81279
              ],
              [
                124.68485,
                37.81023
              ],
              [
                124.68428,
                37.80637
              ],
              [
                124.67914,
                37.80191
              ],
              [
                124.68094,
                37.79876
              ],
              [
                124.68657,
                37.79944
              ],
              [
                124.68436,
                37.80227
              ],
              [
                124.68883,
                37.80595
              ],
              [
                124.69707,
                37.80854
              ],
              [
                124.7013,
                37.8045
              ],
              [
                124.70357,
                37.8045
              ],
              [
                124.71166,
                37.80699
              ],
              [
                124.71718,
                37.81132
              ],
              [
                124.72055,
                37.81644
              ],
              [
                124.72054,
                37.82014
              ],
              [
                124.71819,
                37.8265
              ],
              [
                124.71393,
                37.8295
              ],
              [
                124.71611,
                37.8336
              ],
              [
                124.71844,
                37.83579
              ],
              [
                124.72863,
                37.83916
              ],
              [
                124.72712,
                37.8427
              ],
              [
                124.72364,
                37.84297
              ],
              [
                124.72115,
                37.84602
              ],
              [
                124.71796,
                37.84674
              ],
              [
                124.70885,
                37.84518
              ],
              [
                124.70687,
                37.84678
              ]
            ]
          ],
          [
            [
              [
                125.98258,
                37.03986
              ],
              [
                125.9802,
                37.03954
              ],
              [
                125.97898,
                37.03374
              ],
              [
                125.9831,
                37.03139
              ],
              [
                125.98176,
                37.02935
              ],
              [
                125.98314,
                37.02421
              ],
              [
                125.98674,
                37.02293
              ],
              [
                125.99041,
                37.02345
              ],
              [
                125.99668,
                37.01811
              ],
              [
                126.00177,
                37.01876
              ],
              [
                126.01399,
                37.02417
              ],
              [
                126.01444,
                37.02616
              ],
              [
                126.00518,
                37.02598
              ],
              [
                126.00211,
                37.02476
              ],
              [
                125.99836,
                37.02757
              ],
              [
                125.99501,
                37.02704
              ],
              [
                125.99235,
                37.0326
              ],
              [
                125.99455,
                37.03476
              ],
              [
                125.98684,
                37.04061
              ],
              [
                125.98258,
                37.03986
              ]
            ]
          ],
          [
            [
              [
                126.0153,
                37.07738
              ],
              [
                126.01698,
                37.07292
              ],
              [
                126.0143,
                37.07064
              ],
              [
                126.01209,
                37.0652
              ],
              [
                126.014,
                37.06385
              ],
              [
                126.02066,
                37.06809
              ],
              [
                126.01959,
                37.07197
              ],
              [
                126.02134,
                37.07683
              ],
              [
                126.0153,
                37.07738
              ]
            ]
          ],
          [
            [
              [
                125.95468,
                37.08929
              ],
              [
                125.95235,
                37.08976
              ],
              [
                125.94881,
                37.08842
              ],
              [
                125.9448,
                37.07881
              ],
              [
                125.94467,
                37.07597
              ],
              [
                125.94848,
                37.07502
              ],
              [
                125.94877,
                37.0719
              ],
              [
                125.95288,
                37.07085
              ],
              [
                125.95549,
                37.07234
              ],
              [
                125.95593,
                37.07556
              ],
              [
                125.95298,
                37.07858
              ],
              [
                125.95181,
                37.08163
              ],
              [
                125.95313,
                37.0853
              ],
              [
                125.95872,
                37.08428
              ],
              [
                125.96065,
                37.08222
              ],
              [
                125.96465,
                37.08089
              ],
              [
                125.9672,
                37.08742
              ],
              [
                125.96198,
                37.08986
              ],
              [
                125.95468,
                37.08929
              ]
            ]
          ],
          [
            [
              [
                125.91463,
                37.10823
              ],
              [
                125.91739,
                37.11399
              ],
              [
                125.91485,
                37.11813
              ],
              [
                125.91104,
                37.11557
              ],
              [
                125.91078,
                37.11046
              ],
              [
                125.91463,
                37.10823
              ]
            ]
          ],
          [
            [
              [
                125.90148,
                37.14037
              ],
              [
                125.90018,
                37.13758
              ],
              [
                125.90175,
                37.13235
              ],
              [
                125.90442,
                37.13513
              ],
              [
                125.90324,
                37.13983
              ],
              [
                125.90148,
                37.14037
              ]
            ]
          ],
          [
            [
              [
                125.88078,
                37.17506
              ],
              [
                125.87765,
                37.17576
              ],
              [
                125.87281,
                37.17441
              ],
              [
                125.86801,
                37.17474
              ],
              [
                125.86926,
                37.16895
              ],
              [
                125.87152,
                37.16859
              ],
              [
                125.87837,
                37.17112
              ],
              [
                125.88256,
                37.17055
              ],
              [
                125.88297,
                37.17304
              ],
              [
                125.88078,
                37.17506
              ]
            ]
          ],
          [
            [
              [
                126.09702,
                37.18733
              ],
              [
                126.09249,
                37.18766
              ],
              [
                126.09018,
                37.18494
              ],
              [
                126.08925,
                37.18161
              ],
              [
                126.08493,
                37.17911
              ],
              [
                126.08463,
                37.17638
              ],
              [
                126.08695,
                37.17283
              ],
              [
                126.09207,
                37.16995
              ],
              [
                126.09401,
                37.16696
              ],
              [
                126.09724,
                37.16623
              ],
              [
                126.10515,
                37.16653
              ],
              [
                126.11036,
                37.16552
              ],
              [
                126.11261,
                37.17052
              ],
              [
                126.1102,
                37.17062
              ],
              [
                126.10767,
                37.17263
              ],
              [
                126.1082,
                37.17558
              ],
              [
                126.11258,
                37.1773
              ],
              [
                126.1151,
                37.18055
              ],
              [
                126.11351,
                37.18336
              ],
              [
                126.11123,
                37.18219
              ],
              [
                126.11016,
                37.17955
              ],
              [
                126.10615,
                37.17924
              ],
              [
                126.10515,
                37.18197
              ],
              [
                126.10009,
                37.18667
              ],
              [
                126.09702,
                37.18733
              ]
            ]
          ],
          [
            [
              [
                125.9764,
                37.19359
              ],
              [
                125.97166,
                37.19462
              ],
              [
                125.97271,
                37.18969
              ],
              [
                125.96845,
                37.18691
              ],
              [
                125.96637,
                37.18777
              ],
              [
                125.9604,
                37.18465
              ],
              [
                125.96137,
                37.18236
              ],
              [
                125.96919,
                37.18419
              ],
              [
                125.97532,
                37.18624
              ],
              [
                125.97632,
                37.18866
              ],
              [
                125.97988,
                37.18854
              ],
              [
                125.98334,
                37.18532
              ],
              [
                125.98612,
                37.18763
              ],
              [
                125.98222,
                37.19319
              ],
              [
                125.9764,
                37.19359
              ]
            ]
          ],
          [
            [
              [
                126.1708,
                37.22689
              ],
              [
                126.1696,
                37.22914
              ],
              [
                126.16429,
                37.22407
              ],
              [
                126.15961,
                37.22485
              ],
              [
                126.16144,
                37.22131
              ],
              [
                126.15964,
                37.21823
              ],
              [
                126.16021,
                37.21547
              ],
              [
                126.16255,
                37.21307
              ],
              [
                126.16883,
                37.21091
              ],
              [
                126.17002,
                37.20887
              ],
              [
                126.17442,
                37.21213
              ],
              [
                126.17778,
                37.21076
              ],
              [
                126.17757,
                37.20848
              ],
              [
                126.17927,
                37.20477
              ],
              [
                126.17921,
                37.20093
              ],
              [
                126.18152,
                37.19537
              ],
              [
                126.18442,
                37.19572
              ],
              [
                126.18438,
                37.19932
              ],
              [
                126.18804,
                37.2029
              ],
              [
                126.19192,
                37.20935
              ],
              [
                126.18858,
                37.2103
              ],
              [
                126.1826,
                37.2094
              ],
              [
                126.17986,
                37.218
              ],
              [
                126.17762,
                37.21856
              ],
              [
                126.17314,
                37.2221
              ],
              [
                126.1708,
                37.22689
              ]
            ]
          ],
          [
            [
              [
                126.10583,
                37.27412
              ],
              [
                126.10041,
                37.27277
              ],
              [
                126.10202,
                37.26942
              ],
              [
                126.10167,
                37.26505
              ],
              [
                126.098,
                37.26215
              ],
              [
                126.09667,
                37.25963
              ],
              [
                126.09547,
                37.25378
              ],
              [
                126.08948,
                37.2473
              ],
              [
                126.08942,
                37.23953
              ],
              [
                126.09179,
                37.23656
              ],
              [
                126.09126,
                37.2299
              ],
              [
                126.08548,
                37.22411
              ],
              [
                126.08432,
                37.22113
              ],
              [
                126.0891,
                37.22029
              ],
              [
                126.09502,
                37.22526
              ],
              [
                126.09439,
                37.22667
              ],
              [
                126.09695,
                37.22994
              ],
              [
                126.10302,
                37.22975
              ],
              [
                126.10438,
                37.22628
              ],
              [
                126.102,
                37.22511
              ],
              [
                126.10051,
                37.22172
              ],
              [
                126.10403,
                37.2196
              ],
              [
                126.10913,
                37.22074
              ],
              [
                126.11262,
                37.22233
              ],
              [
                126.11588,
                37.21622
              ],
              [
                126.11137,
                37.21436
              ],
              [
                126.11206,
                37.21201
              ],
              [
                126.11736,
                37.20929
              ],
              [
                126.11965,
                37.20965
              ],
              [
                126.12678,
                37.21259
              ],
              [
                126.14305,
                37.21346
              ],
              [
                126.14335,
                37.20965
              ],
              [
                126.13769,
                37.20672
              ],
              [
                126.13304,
                37.20265
              ],
              [
                126.13646,
                37.20082
              ],
              [
                126.13735,
                37.19544
              ],
              [
                126.14078,
                37.1963
              ],
              [
                126.14326,
                37.19889
              ],
              [
                126.14002,
                37.20322
              ],
              [
                126.14387,
                37.20483
              ],
              [
                126.14925,
                37.20421
              ],
              [
                126.15201,
                37.20495
              ],
              [
                126.15249,
                37.20739
              ],
              [
                126.15741,
                37.20909
              ],
              [
                126.15446,
                37.21081
              ],
              [
                126.15486,
                37.21282
              ],
              [
                126.158,
                37.21458
              ],
              [
                126.15728,
                37.21604
              ],
              [
                126.1529,
                37.21766
              ],
              [
                126.14934,
                37.21643
              ],
              [
                126.14659,
                37.21952
              ],
              [
                126.14913,
                37.22303
              ],
              [
                126.15407,
                37.22213
              ],
              [
                126.15556,
                37.22694
              ],
              [
                126.16274,
                37.22873
              ],
              [
                126.16624,
                37.23097
              ],
              [
                126.16618,
                37.23258
              ],
              [
                126.15807,
                37.2355
              ],
              [
                126.15186,
                37.23921
              ],
              [
                126.14854,
                37.23967
              ],
              [
                126.14479,
                37.23874
              ],
              [
                126.14593,
                37.24234
              ],
              [
                126.14271,
                37.24158
              ],
              [
                126.13826,
                37.24424
              ],
              [
                126.13727,
                37.24689
              ],
              [
                126.1311,
                37.2481
              ],
              [
                126.12865,
                37.25181
              ],
              [
                126.12439,
                37.25039
              ],
              [
                126.12067,
                37.24736
              ],
              [
                126.11821,
                37.24852
              ],
              [
                126.11709,
                37.25099
              ],
              [
                126.11885,
                37.25401
              ],
              [
                126.11892,
                37.25801
              ],
              [
                126.1117,
                37.25844
              ],
              [
                126.10979,
                37.26598
              ],
              [
                126.11117,
                37.26756
              ],
              [
                126.10987,
                37.27363
              ],
              [
                126.10583,
                37.27412
              ]
            ]
          ],
          [
            [
              [
                126.09244,
                37.2754
              ],
              [
                126.09728,
                37.27681
              ],
              [
                126.09785,
                37.27972
              ],
              [
                126.08739,
                37.2859
              ],
              [
                126.08433,
                37.28934
              ],
              [
                126.08159,
                37.29013
              ],
              [
                126.07498,
                37.28939
              ],
              [
                126.07523,
                37.28495
              ],
              [
                126.07846,
                37.28268
              ],
              [
                126.08519,
                37.2809
              ],
              [
                126.0873,
                37.27784
              ],
              [
                126.0868,
                37.27568
              ],
              [
                126.09244,
                37.2754
              ]
            ]
          ],
          [
            [
              [
                126.0797,
                37.1085
              ],
              [
                126.07667,
                37.10616
              ],
              [
                126.07161,
                37.10518
              ],
              [
                126.06634,
                37.10558
              ],
              [
                126.0661,
                37.10309
              ],
              [
                126.06017,
                37.09607
              ],
              [
                126.06173,
                37.09492
              ],
              [
                126.06506,
                37.09758
              ],
              [
                126.06649,
                37.09681
              ],
              [
                126.07197,
                37.09729
              ],
              [
                126.07398,
                37.09557
              ],
              [
                126.07293,
                37.09221
              ],
              [
                126.07019,
                37.09182
              ],
              [
                126.06569,
                37.09288
              ],
              [
                126.06224,
                37.08849
              ],
              [
                126.0638,
                37.08532
              ],
              [
                126.06753,
                37.08337
              ],
              [
                126.07535,
                37.08375
              ],
              [
                126.08165,
                37.09018
              ],
              [
                126.08568,
                37.09348
              ],
              [
                126.08888,
                37.09493
              ],
              [
                126.08966,
                37.09891
              ],
              [
                126.08559,
                37.10389
              ],
              [
                126.08549,
                37.10768
              ],
              [
                126.0797,
                37.1085
              ]
            ]
          ],
          [
            [
              [
                126.30133,
                37.12615
              ],
              [
                126.30392,
                37.12973
              ],
              [
                126.30106,
                37.13006
              ],
              [
                126.29807,
                37.12848
              ],
              [
                126.30133,
                37.12615
              ]
            ]
          ],
          [
            [
              [
                126.30163,
                37.1399
              ],
              [
                126.30528,
                37.13328
              ],
              [
                126.30826,
                37.13136
              ],
              [
                126.30962,
                37.13311
              ],
              [
                126.30688,
                37.13855
              ],
              [
                126.30163,
                37.1399
              ]
            ]
          ],
          [
            [
              [
                126.27497,
                37.15088
              ],
              [
                126.2717,
                37.15
              ],
              [
                126.2715,
                37.14532
              ],
              [
                126.27594,
                37.14042
              ],
              [
                126.27813,
                37.14224
              ],
              [
                126.27629,
                37.1444
              ],
              [
                126.27789,
                37.15051
              ],
              [
                126.27497,
                37.15088
              ]
            ]
          ],
          [
            [
              [
                126.32319,
                37.15094
              ],
              [
                126.3248,
                37.15308
              ],
              [
                126.32334,
                37.15482
              ],
              [
                126.31851,
                37.15347
              ],
              [
                126.31794,
                37.15208
              ],
              [
                126.32319,
                37.15094
              ]
            ]
          ],
          [
            [
              [
                126.29645,
                37.17362
              ],
              [
                126.29474,
                37.17607
              ],
              [
                126.29054,
                37.17569
              ],
              [
                126.28954,
                37.17211
              ],
              [
                126.29167,
                37.16946
              ],
              [
                126.29497,
                37.1681
              ],
              [
                126.29463,
                37.16459
              ],
              [
                126.30057,
                37.16484
              ],
              [
                126.30441,
                37.16327
              ],
              [
                126.30658,
                37.16103
              ],
              [
                126.30685,
                37.15789
              ],
              [
                126.31276,
                37.15832
              ],
              [
                126.31558,
                37.16046
              ],
              [
                126.32045,
                37.15814
              ],
              [
                126.3259,
                37.16127
              ],
              [
                126.31735,
                37.16693
              ],
              [
                126.31215,
                37.17227
              ],
              [
                126.30729,
                37.1711
              ],
              [
                126.30277,
                37.17378
              ],
              [
                126.29851,
                37.17285
              ],
              [
                126.29645,
                37.17362
              ]
            ]
          ],
          [
            [
              [
                126.25605,
                37.1818
              ],
              [
                126.25285,
                37.18097
              ],
              [
                126.25351,
                37.17801
              ],
              [
                126.25055,
                37.17729
              ],
              [
                126.2485,
                37.17901
              ],
              [
                126.24373,
                37.17608
              ],
              [
                126.24356,
                37.17382
              ],
              [
                126.24934,
                37.16976
              ],
              [
                126.25444,
                37.17081
              ],
              [
                126.25892,
                37.16888
              ],
              [
                126.26574,
                37.16763
              ],
              [
                126.26852,
                37.16627
              ],
              [
                126.27291,
                37.16259
              ],
              [
                126.27315,
                37.15919
              ],
              [
                126.27984,
                37.15704
              ],
              [
                126.28248,
                37.15772
              ],
              [
                126.28475,
                37.1621
              ],
              [
                126.28296,
                37.16363
              ],
              [
                126.27465,
                37.16474
              ],
              [
                126.27183,
                37.17009
              ],
              [
                126.2715,
                37.17616
              ],
              [
                126.26644,
                37.17587
              ],
              [
                126.26452,
                37.17922
              ],
              [
                126.26168,
                37.18115
              ],
              [
                126.25605,
                37.1818
              ]
            ]
          ],
          [
            [
              [
                126.21658,
                37.1891
              ],
              [
                126.21401,
                37.1868
              ],
              [
                126.21484,
                37.18223
              ],
              [
                126.21926,
                37.17844
              ],
              [
                126.22351,
                37.1796
              ],
              [
                126.22835,
                37.17747
              ],
              [
                126.233,
                37.17914
              ],
              [
                126.23782,
                37.17767
              ],
              [
                126.24126,
                37.18106
              ],
              [
                126.24851,
                37.18234
              ],
              [
                126.24026,
                37.18663
              ],
              [
                126.23335,
                37.18664
              ],
              [
                126.22751,
                37.18802
              ],
              [
                126.22602,
                37.18401
              ],
              [
                126.22404,
                37.18225
              ],
              [
                126.22125,
                37.18251
              ],
              [
                126.21827,
                37.18432
              ],
              [
                126.22017,
                37.18799
              ],
              [
                126.21658,
                37.1891
              ]
            ]
          ],
          [
            [
              [
                126.31431,
                37.21168
              ],
              [
                126.31971,
                37.21234
              ],
              [
                126.32106,
                37.21455
              ],
              [
                126.31966,
                37.21869
              ],
              [
                126.31616,
                37.22298
              ],
              [
                126.31434,
                37.22232
              ],
              [
                126.3127,
                37.21662
              ],
              [
                126.30977,
                37.21433
              ],
              [
                126.30921,
                37.21211
              ],
              [
                126.31431,
                37.21168
              ]
            ]
          ],
          [
            [
              [
                126.29785,
                37.26614
              ],
              [
                126.28894,
                37.2678
              ],
              [
                126.28843,
                37.27201
              ],
              [
                126.2836,
                37.27127
              ],
              [
                126.28417,
                37.26888
              ],
              [
                126.28218,
                37.26396
              ],
              [
                126.27793,
                37.26306
              ],
              [
                126.28034,
                37.259
              ],
              [
                126.28576,
                37.25996
              ],
              [
                126.28778,
                37.25938
              ],
              [
                126.29145,
                37.25603
              ],
              [
                126.29426,
                37.25615
              ],
              [
                126.29694,
                37.25191
              ],
              [
                126.30013,
                37.25156
              ],
              [
                126.304,
                37.25334
              ],
              [
                126.31066,
                37.24885
              ],
              [
                126.31309,
                37.24931
              ],
              [
                126.31656,
                37.24793
              ],
              [
                126.31692,
                37.2443
              ],
              [
                126.32533,
                37.24747
              ],
              [
                126.32684,
                37.24534
              ],
              [
                126.33134,
                37.24538
              ],
              [
                126.33573,
                37.24816
              ],
              [
                126.3429,
                37.25
              ],
              [
                126.34885,
                37.259
              ],
              [
                126.34781,
                37.26101
              ],
              [
                126.33834,
                37.26362
              ],
              [
                126.33506,
                37.26309
              ],
              [
                126.33372,
                37.26143
              ],
              [
                126.33365,
                37.25564
              ],
              [
                126.33016,
                37.25712
              ],
              [
                126.32612,
                37.25715
              ],
              [
                126.32072,
                37.25923
              ],
              [
                126.31536,
                37.26254
              ],
              [
                126.30745,
                37.26298
              ],
              [
                126.30152,
                37.26632
              ],
              [
                126.29785,
                37.26614
              ]
            ]
          ],
          [
            [
              [
                126.27636,
                37.31373
              ],
              [
                126.2736,
                37.31918
              ],
              [
                126.27111,
                37.31627
              ],
              [
                126.27636,
                37.31373
              ]
            ]
          ],
          [
            [
              [
                126.26531,
                37.32584
              ],
              [
                126.26947,
                37.32908
              ],
              [
                126.26749,
                37.33142
              ],
              [
                126.26402,
                37.32704
              ],
              [
                126.26531,
                37.32584
              ]
            ]
          ],
          [
            [
              [
                126.36672,
                37.21022
              ],
              [
                126.36692,
                37.21139
              ],
              [
                126.36245,
                37.21341
              ],
              [
                126.3633,
                37.2095
              ],
              [
                126.36672,
                37.21022
              ]
            ]
          ],
          [
            [
              [
                126.51514,
                37.22816
              ],
              [
                126.51907,
                37.23153
              ],
              [
                126.51827,
                37.23399
              ],
              [
                126.51516,
                37.23478
              ],
              [
                126.51118,
                37.23194
              ],
              [
                126.51236,
                37.22819
              ],
              [
                126.51514,
                37.22816
              ]
            ]
          ],
          [
            [
              [
                126.40003,
                37.24223
              ],
              [
                126.39774,
                37.24415
              ],
              [
                126.39347,
                37.24508
              ],
              [
                126.39226,
                37.24175
              ],
              [
                126.39909,
                37.24146
              ],
              [
                126.40003,
                37.24223
              ]
            ]
          ],
          [
            [
              [
                126.52406,
                37.25762
              ],
              [
                126.52012,
                37.25818
              ],
              [
                126.51441,
                37.25719
              ],
              [
                126.51234,
                37.25467
              ],
              [
                126.51514,
                37.2505
              ],
              [
                126.52056,
                37.24991
              ],
              [
                126.52565,
                37.24513
              ],
              [
                126.52567,
                37.23888
              ],
              [
                126.52385,
                37.23546
              ],
              [
                126.53224,
                37.23194
              ],
              [
                126.53941,
                37.23203
              ],
              [
                126.54061,
                37.23379
              ],
              [
                126.53441,
                37.23893
              ],
              [
                126.53127,
                37.24565
              ],
              [
                126.5266,
                37.2491
              ],
              [
                126.52939,
                37.25029
              ],
              [
                126.52959,
                37.25214
              ],
              [
                126.52406,
                37.25762
              ]
            ]
          ],
          [
            [
              [
                126.4721,
                37.2845
              ],
              [
                126.46934,
                37.28609
              ],
              [
                126.46648,
                37.28407
              ],
              [
                126.45156,
                37.28228
              ],
              [
                126.45033,
                37.28003
              ],
              [
                126.45383,
                37.27846
              ],
              [
                126.45197,
                37.27514
              ],
              [
                126.44712,
                37.27189
              ],
              [
                126.44397,
                37.27348
              ],
              [
                126.43779,
                37.2729
              ],
              [
                126.43363,
                37.27407
              ],
              [
                126.43386,
                37.26883
              ],
              [
                126.43621,
                37.2673
              ],
              [
                126.43577,
                37.26537
              ],
              [
                126.42959,
                37.26392
              ],
              [
                126.42783,
                37.26194
              ],
              [
                126.43291,
                37.25959
              ],
              [
                126.43496,
                37.25465
              ],
              [
                126.43469,
                37.25111
              ],
              [
                126.43559,
                37.24725
              ],
              [
                126.43146,
                37.24723
              ],
              [
                126.43107,
                37.24432
              ],
              [
                126.43156,
                37.23303
              ],
              [
                126.4354,
                37.23112
              ],
              [
                126.44255,
                37.23116
              ],
              [
                126.45263,
                37.22901
              ],
              [
                126.45702,
                37.22418
              ],
              [
                126.45898,
                37.22607
              ],
              [
                126.46865,
                37.23225
              ],
              [
                126.46875,
                37.23511
              ],
              [
                126.4704,
                37.23827
              ],
              [
                126.47462,
                37.24032
              ],
              [
                126.48148,
                37.24107
              ],
              [
                126.48101,
                37.24543
              ],
              [
                126.48284,
                37.24756
              ],
              [
                126.4817,
                37.25011
              ],
              [
                126.4763,
                37.25261
              ],
              [
                126.47907,
                37.25459
              ],
              [
                126.48238,
                37.25487
              ],
              [
                126.48564,
                37.25114
              ],
              [
                126.48916,
                37.2503
              ],
              [
                126.48892,
                37.2542
              ],
              [
                126.48692,
                37.25687
              ],
              [
                126.48713,
                37.25892
              ],
              [
                126.49171,
                37.25943
              ],
              [
                126.49541,
                37.25641
              ],
              [
                126.49551,
                37.25347
              ],
              [
                126.49843,
                37.25314
              ],
              [
                126.50117,
                37.2557
              ],
              [
                126.50163,
                37.25826
              ],
              [
                126.49648,
                37.26455
              ],
              [
                126.4943,
                37.27143
              ],
              [
                126.49741,
                37.27658
              ],
              [
                126.49686,
                37.27741
              ],
              [
                126.487,
                37.2826
              ],
              [
                126.48268,
                37.28126
              ],
              [
                126.47483,
                37.2827
              ],
              [
                126.4721,
                37.2845
              ]
            ]
          ]
        ]
      },
      "properties": {
        "code": "28720",
        "name": "옹진군",
        "bbox": [
          124.60968,
          37.01811,
          126.54061,
          37.98431
        ],
        "labelPoint": [
          124.6745,
          37.95234
        ]
      }
    }
  ]
}
